{"version":1,"resource":"file:///c%3A/Users/mmili985/Desktop/_Dev/HTML/js__10.html","entries":[{"id":"grgg.html","timestamp":1744248185856},{"id":"h48m.html","timestamp":1744248207766},{"id":"MoUh.html","timestamp":1744248218870},{"id":"Trfs.html","timestamp":1744248231271},{"id":"J8IA.html","timestamp":1744248248234},{"id":"5Wvm.html","timestamp":1744248281620},{"id":"iuxq.html","timestamp":1744248346088},{"id":"kYUY.html","timestamp":1744248384387},{"id":"HNys.html","timestamp":1744248396885},{"id":"kcAz.html","timestamp":1744248432624},{"id":"YVsf.html","timestamp":1744248462541},{"id":"tlU2.html","timestamp":1744248482015},{"id":"8zec.html","timestamp":1744248591140},{"id":"MDx8.html","timestamp":1744248899005},{"id":"2U7C.html","timestamp":1744248923043},{"id":"d5zS.html","timestamp":1744249011966},{"id":"kDeQ.html","timestamp":1744249060453},{"id":"ECfr.html","timestamp":1744249080408},{"id":"zQ7U.html","timestamp":1744249110653},{"id":"dSC7.html","timestamp":1744249148385},{"id":"SutX.html","timestamp":1744249173347},{"id":"dHrt.html","timestamp":1744249202139},{"id":"jQ7r.html","source":"undoRedo.source","timestamp":1744249206480},{"id":"uPYX.html","timestamp":1744249212616},{"id":"ZWy3.html","timestamp":1744249266374},{"id":"dtGp.html","timestamp":1744249288966},{"id":"ElLv.html","timestamp":1744249309653},{"id":"eBpt.html","timestamp":1744249324167},{"id":"jPqV.html","timestamp":1744249341351},{"id":"7gTw.html","source":"undoRedo.source","timestamp":1744249344869},{"id":"GoCv.html","timestamp":1744250048266},{"id":"qlnm.html","timestamp":1744250126873},{"id":"z8n5.html","timestamp":1744250144474},{"id":"E7Iz.html","timestamp":1744250164097},{"id":"i9UN.html","timestamp":1744250252549},{"id":"Eb2M.html","timestamp":1744250273119},{"id":"gfL2.html","timestamp":1744250401877},{"id":"S1JT.html","timestamp":1744250421028},{"id":"4p8a.html","timestamp":1744250436381},{"id":"yeD0.html","timestamp":1744250484015},{"id":"gc1R.html","timestamp":1744250516118},{"id":"HVlO.html","timestamp":1744250534353},{"id":"8kIz.html","timestamp":1744250561642},{"id":"dJkg.html","timestamp":1744250586960},{"id":"g5FX.html","timestamp":1744250607127},{"id":"JfcE.html","timestamp":1744250639939},{"id":"mhpW.html","timestamp":1744251001417},{"id":"Ba9k.html","timestamp":1744251021004},{"id":"R2xX.html","timestamp":1744251061192},{"id":"7veR.html","timestamp":1744251180439}]}