{
    "RT_GROUP_ICON": {
        "APP": {
            "0000": [
                "icon.png"
            ]
        }
    },
    "RT_MANIFEST": {
        "#1": {
            "2052": {
                "description": "Orbit - 励志做一款好用的同步工具",
                "minimum-os": "windows-xp",
                "execution-level": "highest",
                "ui-access": false,
                "auto-elevate": false,
                "dpi-awareness": "system",
                "disable-theming": false,
                "disable-window-filtering": false,
                "high-resolution-scrolling-aware": false,
                "ultra-high-resolution-scrolling-aware": false,
                "long-path-aware": false,
                "printer-driver-isolation": false,
                "gdi-scaling": false,
                "segment-heap": false,
                "use-common-controls-v6": false
            }
        }
    },
    "RT_VERSION": {
        "#1": {
            "0000": {
                "fixed": {
                    "file_version": "0.0.0.1"
                },
                "info": {
                    "2052": {
                        "CompanyName": "mmili985@163.com",
                        "FileDescription": "Orbit - 励志做一款好用的同步工具",
                        "LegalCopyright": "© 陈晨晨h",
                        "OriginalFilename": "orbit.exe",
                        "ProductName": "Orbit",
                        "ProductVersion": "0.0.0.1"
                    }
                }
            }
        }
    }
}
