{"version":1,"resource":"file:///c%3A/Users/mmili985/Desktop/_CodeWorkSpace/GoLang/Proj/Orbit/cmd/cmd_test.go","entries":[{"id":"GcDt.go","source":"moved.source","sourceDescription":"C:\\Users\\mmili985\\Desktop\\_CodeWorkSpace\\GoLang\\Proj\\Orbit\\cmd\\load_test.go","timestamp":1758763755397},{"id":"HwwK.go","timestamp":1758763811530},{"id":"wEsn.go","source":"moved.source","sourceDescription":"C:\\Users\\mmili985\\Desktop\\_CodeWorkSpace\\GoLang\\Proj\\Orbit\\load_test.go","timestamp":1758763821139},{"id":"SM9p.go","timestamp":1758763955372},{"id":"icfF.go","source":"Organize Imports","timestamp":1758764142329},{"id":"HXLF.go","timestamp":1758764215146},{"id":"9jo7.go","timestamp":1758764389311},{"id":"7YwD.go","timestamp":1758764400605},{"id":"Kohc.go","timestamp":1758764591058},{"id":"IBvT.go","timestamp":1758764676913},{"id":"Ujsn.go","source":"undoRedo.source","timestamp":1758764709522},{"id":"jkqZ.go","timestamp":1758764739381},{"id":"3Rt4.go","timestamp":1758764799215},{"id":"Y2kU.go","timestamp":1758764826167},{"id":"wJXU.go","source":"undoRedo.source","timestamp":1758764836666},{"id":"7A5p.go","timestamp":1758764910277},{"id":"rwql.go","timestamp":1758764961549},{"id":"GExU.go","timestamp":1758764977424},{"id":"hgGX.go","timestamp":1758764993854},{"id":"DPKX.go","source":"Organize Imports","timestamp":1758765021451},{"id":"IV76.go","timestamp":1758765143160},{"id":"Icei.go","timestamp":1758765160983},{"id":"ZzHS.go","timestamp":1758765178840},{"id":"8emu.go","timestamp":1758765202705},{"id":"KCgn.go","timestamp":1758765222124},{"id":"Yk8k.go","timestamp":1758765260719},{"id":"KIy5.go","timestamp":1758765343085},{"id":"mgzp.go","timestamp":1758765409928},{"id":"fyFL.go","timestamp":1758765434596},{"id":"kXfX.go","timestamp":1758765567841},{"id":"kkqh.go","timestamp":1758765587116},{"id":"5CzK.go","timestamp":1758765618747},{"id":"fHQG.go","timestamp":1758765702944},{"id":"knym.go","source":"Organize Imports","timestamp":1758765745144},{"id":"GFi8.go","timestamp":1758765764621},{"id":"F4Fc.go","source":"Organize Imports","timestamp":1758765889530},{"id":"4o5E.go","timestamp":1758765902159},{"id":"YggY.go","timestamp":1758765976387},{"id":"4olu.go","timestamp":1758766022973},{"id":"Yt7c.go","source":"Organize Imports","timestamp":1758766096092},{"id":"Gpxp.go","source":"Organize Imports","timestamp":1758766244355},{"id":"6G7M.go","source":"undoRedo.source","timestamp":1758766289832},{"id":"Mwel.go","timestamp":1758766588433},{"id":"QlmH.go","timestamp":1758766663741},{"id":"b5di.go","timestamp":1758767189171},{"id":"f2VM.go","timestamp":1758767221705},{"id":"eg8a.go","timestamp":1758767235319},{"id":"F68Y.go","timestamp":1758767473710},{"id":"JRUu.go","timestamp":1758767599243},{"id":"KxwH.go","source":"renamed.source","sourceDescription":"C:\\Users\\mmili985\\Desktop\\_CodeWorkSpace\\GoLang\\Proj\\Orbit\\cmd\\load_test.go","timestamp":1758767661391}]}