{"version":1,"resource":"file:///c%3A/Users/mmili985/Desktop/_CodeWorkSpace/leetcode/3_%E6%97%A0%E9%87%8D%E5%A4%8D%E5%AD%97%E7%AC%A6%E7%9A%84%E6%9C%80%E9%95%BF%E5%AD%90%E4%B8%B2.html","entries":[{"id":"v09n.html","timestamp":1754466878776},{"id":"xCM1.html","timestamp":1754467081845},{"id":"Qcxu.html","timestamp":1754467094663},{"id":"W0JV.html","timestamp":1754467111099},{"id":"irMJ.html","timestamp":1754467126472},{"id":"ZLW5.html","timestamp":1754467138173},{"id":"wK91.html","timestamp":1754467157054},{"id":"OFrb.html","timestamp":1754467180019},{"id":"r8rL.html","timestamp":1754467202946},{"id":"xoXi.html","timestamp":1754467219559},{"id":"4wDN.html","source":"undoRedo.source","timestamp":1754467235794},{"id":"MkMS.html","timestamp":1754467263886},{"id":"XWsm.html","timestamp":1754467612064},{"id":"GYJQ.html","timestamp":1754470576621}]}