{"version":1,"resource":"file:///c%3A/Users/mmili985/Desktop/_CodeWorkSpace/GoLang/Proj/Orbit/cmd/read_orbit.go","entries":[{"id":"tLbX.go","timestamp":1758507721356},{"id":"tlrj.go","timestamp":1758507733992},{"id":"Fioi.go","timestamp":1758507812538},{"id":"kdCA.go","timestamp":1758507888856},{"id":"ie4z.go","timestamp":1758507914624},{"id":"WjU2.go","timestamp":1758507929561},{"id":"uyXh.go","timestamp":1758508004249},{"id":"VDKe.go","timestamp":1758508023026},{"id":"1gCS.go","timestamp":1758508049589},{"id":"3waA.go","timestamp":1758508077706},{"id":"I7jN.go","timestamp":1758508094385},{"id":"8gf9.go","timestamp":1758508220422},{"id":"s3fw.go","timestamp":1758508290460},{"id":"jJIJ.go","source":"Organize Imports","timestamp":1758508378496},{"id":"hF9Y.go","timestamp":1758508404366},{"id":"X0ov.go","timestamp":1758508496645},{"id":"1RA3.go","timestamp":1758508605023},{"id":"fT2k.go","timestamp":1758508684457},{"id":"GSBA.go","timestamp":1758508799158},{"id":"hblN.go","timestamp":1758508897524},{"id":"yAZD.go","timestamp":1758509621364},{"id":"MevX.go","timestamp":1758509637376},{"id":"oiAI.go","timestamp":1758509663026},{"id":"8bp7.go","timestamp":1758509782713},{"id":"yNv2.go","timestamp":1758509836319},{"id":"DHwl.go","timestamp":1758509857939},{"id":"jZaS.go","timestamp":1758509928539},{"id":"iZWK.go","source":"Organize Imports","timestamp":1758510008197},{"id":"dRhP.go","timestamp":1758510217957},{"id":"JPe4.go","timestamp":1758510244563},{"id":"OJ91.go","timestamp":1758510448180},{"id":"WCmh.go","timestamp":1758510754319},{"id":"dkoD.go","source":"Workspace Edit","timestamp":1758510773930},{"id":"GXFp.go","timestamp":1758593303061},{"id":"eZJj.go","timestamp":1758593341463},{"id":"1pBv.go","timestamp":1758593353082},{"id":"gPVX.go","timestamp":1758593385349},{"id":"OuUx.go","timestamp":1758593396036},{"id":"vUTt.go","timestamp":1758593430917},{"id":"Eros.go","timestamp":1758593483826},{"id":"zUNI.go","timestamp":1758594019270},{"id":"FpgN.go","timestamp":1758594086881},{"id":"DGTz.go","timestamp":1758594139295},{"id":"vWSZ.go","timestamp":1758594159112},{"id":"i7Ri.go","timestamp":1758594248253},{"id":"vPBg.go","timestamp":1758760339748},{"id":"2qn8.go","timestamp":1758765215798},{"id":"3tD4.go","timestamp":1758765468239},{"id":"HzPY.go","timestamp":1758765509269},{"id":"GpRw.go","timestamp":1758765525588}]}