{"version":1,"resource":"file:///c%3A/Users/mmili985/Desktop/_Dev/HTML/js__21%E9%98%B2%E6%8A%96%E8%8A%82%E6%B5%81%E7%BB%BC%E5%90%88%E6%A1%88%E4%BE%8B.html","entries":[{"id":"q2K5.html","timestamp":1744768223866},{"id":"d6fB.html","timestamp":1744768280233},{"id":"eYCi.html","timestamp":1744768300089},{"id":"9Dmf.html","timestamp":1744768320729},{"id":"KPAm.html","timestamp":1744768344001},{"id":"Wemq.html","source":"undoRedo.source","timestamp":1744768368986},{"id":"ofUI.html","timestamp":1744768386516},{"id":"bGOV.html","timestamp":1744768396846},{"id":"St6M.html","timestamp":1744768422083},{"id":"19at.html","timestamp":1744768509911},{"id":"HB6j.html","timestamp":1744768522448},{"id":"7nTH.html","timestamp":1744768921929},{"id":"ywdW.html","timestamp":1744768975514},{"id":"TSBK.html","timestamp":1744768995214},{"id":"YMNM.html","timestamp":1744769016714},{"id":"zcZ3.html","timestamp":1744769036749},{"id":"u0Pn.html","timestamp":1744769124590},{"id":"fzgB.html","timestamp":1744769285767},{"id":"jbQr.html","timestamp":1744769328292},{"id":"460g.html","timestamp":1744770073506},{"id":"0hFn.html","timestamp":1744770092482},{"id":"xJ1k.html","timestamp":1744770121633},{"id":"rwxh.html","timestamp":1744770133490},{"id":"8Q1q.html","timestamp":1744770161924},{"id":"BcpY.html","timestamp":1744770296133},{"id":"WXjc.html","timestamp":1744770310487},{"id":"Y5dE.html","timestamp":1744770322039},{"id":"7bgC.html","timestamp":1744770342253},{"id":"zTIZ.html","timestamp":1744770366387},{"id":"SePv.html","timestamp":1744770431805},{"id":"Z7At.html","source":"undoRedo.source","timestamp":1744770468948},{"id":"mg9m.html","timestamp":1744770469985},{"id":"3mhU.html","timestamp":1744770571049},{"id":"hpQh.html","timestamp":1744770589091},{"id":"Y2sS.html","source":"undoRedo.source","timestamp":1744770592780},{"id":"hxxa.html","timestamp":1744770602197},{"id":"k4LG.html","timestamp":1744770620487},{"id":"J93l.html","timestamp":1744770637310},{"id":"4RrK.html","timestamp":1744770650961},{"id":"4UTv.html","timestamp":1744770718555},{"id":"KVkz.html","timestamp":1744770753498},{"id":"tupd.html","timestamp":1744770780005},{"id":"9rCH.html","timestamp":1744770798260},{"id":"rJbs.html","timestamp":1744770839977},{"id":"33bd.html","timestamp":1744770870570},{"id":"895w.html","timestamp":1744770969971},{"id":"uiTC.html","timestamp":1744771024270},{"id":"kvPk.html","source":"undoRedo.source","timestamp":1744942752093},{"id":"D2AV.html","timestamp":1744942758932},{"id":"4RA9.html","timestamp":1758379049552}]}