{"version":1,"resource":"file:///c%3A/Users/mmili985/Desktop/_CodeWorkSpace/GoLang/Proj/Orbit/winres/winres.json","entries":[{"id":"rYKH.json","timestamp":1758596312711},{"id":"F4QY.json","timestamp":1758596479281},{"id":"qllp.json","timestamp":1758596698301},{"id":"I2Ee.json","timestamp":1758596713388},{"id":"H5Mr.json","timestamp":1758596776801},{"id":"fbrl.json","timestamp":1758597276344},{"id":"fLRh.json","timestamp":1758597298054},{"id":"xAVE.json","timestamp":1758597314492},{"id":"0X1Q.json","timestamp":1758597929616},{"id":"3ORA.json","timestamp":1758598626066},{"id":"mJkd.json","timestamp":1758677864224},{"id":"zUKr.json","timestamp":1758677981346},{"id":"s0eH.json","timestamp":1758760270210}]}