{"version":1,"resource":"file:///c%3A/Users/mmili985/Desktop/_CodeWorkSpace/GoLang/Proj/Orbit/cmd/cmd_helper_func.go","entries":[{"id":"WI8D.go","source":"Organize Imports","timestamp":1758766087013},{"id":"IXau.go","timestamp":1758766090895},{"id":"bFFp.go","timestamp":1758766104196},{"id":"0hGZ.go","source":"undoRedo.source","timestamp":1758766135084},{"id":"eAh7.go","timestamp":1758766152215},{"id":"xdhA.go","source":"undoRedo.source","timestamp":1758766167958},{"id":"kbC5.go","source":"undoRedo.source","timestamp":1758766180068},{"id":"QAB4.go","source":"Organize Imports","timestamp":1758766183439},{"id":"KN80.go","timestamp":1758766191632},{"id":"BlaV.go","timestamp":1758766226401},{"id":"0OMr.go","timestamp":1758766704083}]}